SequenceName	ClusterNumber
LR757997	-1
MT372483	-1
MT226610	-1
MT372482	-1
MT263389	-1
MT507017	-1
MT326179	-1
MT358704	-1
MT358745	-1
MT375449	-1
MT419813	-1
MT451890	-1
MT528627	-1
MT375469	1
MT506983	1
MT444588	-1
MT507011	-1
MT536957	-1
MT293206	-1
MT326035	-1
MT450949	2
MT461626	2
MT252783	-1
MT434757	-1
MT256917	-1
MT447170	-1
MT451874	-1
MT434759	-1
MT434760	-1
MT326188	-1
MT509497	-1
MT326110	-1
MT461630	-1
MT517437	3
MT517436	3
MT396246	-1
MT259227	-1
MT509496	-1
MT396244	-1
MT457401	-1
MT509959	-1
MT396245	-1
MT396248	-1
MT039890	-1
MT451889	-1
MT451135	-1
MT326182	-1
MT358693	-1
MT259267	-1
MT451172	-1
MT447164	-1
MT509958	-1
MT459985	-1
MT451878	-1
MT451880	-1
MT252708	-1
MT263421	4
MT326134	4
MT532436	-1
MT451148	-1
MT451577	5
MT451277	5
MT019530	-1
MT451090	-1
MT451653	-1
MT470125	-1
MT415322	-1
MT509512	6
MT509500	6
MT509658	6
MT509657	6
MT345818	-1
MT385486	-1
MT372481	-1
MT536969	-1
MT252692	-1
MT372480	-1
MT246456	-1
MT451792	-1
MT450974	-1
MT451697	-1
MT438745	-1
MT451460	-1
MT511696	-1
MT451326	7
MT451130	7
MT259269	-1
MT459987	-1
MT358725	-1
MT507272	-1
MT451877	-1
MT470111	-1
MT326126	-1
MT457403	8
MT477885	8
MT263466	-1
MT252700	-1
MT345857	-1
MT451535	9
MT451638	9
MT451537	9
MT345831	-1
MT483702	-1
MT451534	-1
MT499206	-1
MT412310	-1
MT451083	10
MT451539	10
MT451540	10
MT451475	11
MT450957	11
MT451280	11
MT451378	11
MT459986	-1
MT344946	-1
MT509507	-1
MT509510	-1
MT459928	-1
MT447177	-1
MT451156	-1
MT276600	12
MT215195	12
MT215194	12
MT447172	-1
MT252795	-1
MT375441	-1
MT326138	-1
MT461607	-1
MT326105	-1
MT457400	-1
MT375457	-1
MT263458	13
MT263435	13
MT093571	-1
MT461654	-1
MT371047	-1
MT511082	14
MT511069	14
MT511078	14
MT428551	-1
MT293159	-1
MT506982	-1
MT535485	-1
MT444558	-1
MT345880	-1
MT506699	-1
MT326032	-1
MT444559	-1
MT451799	-1
MT434758	-1
MT334549	-1
MT439595	15
MT439596	15
MT439597	-1
MT451096	-1
MT429191	-1
MT451292	-1
MT450921	-1
MT451671	16
MT451322	16
MT451735	16
MT451760	17
MT451498	17
MT451876	-1
MT451352	18
MT451121	18
MT451119	-1
MT451888	-1
MT467255	-1
MT509503	-1
MT451582	-1
MT451481	19
MT451488	19
MT451392	19
MT326156	-1
MT459893	-1
MT461658	-1
MT534285	-1
MT358656	-1
MT358721	-1
MT451049	-1
MT240479	-1
MT461643	-1
MT451590	-1
MT251975	-1
MT412301	-1
MT326086	-1
MT326135	-1
MT322423	20
MT322421	20
MT322422	20
MT412327	-1
MT517420	-1
MT482112	-1
MT358690	-1
MT482113	-1
MT451132	21
MT470104	21
MT482115	-1
MT482114	-1
MT502774	-1
MT517427	-1
MT385437	22
MT451480	22
MT259226	-1
MT291836	-1
MT457392	-1
MT499189	23
MT499188	23
MT457390	-1
MT539159	-1
MT457391	-1
MT263459	-1
MT396266	-1
MT457393	-1
MT451834	-1
MT419849	-1
MT461613	-1
MT374107	24
MT374106	24
MT439255	-1
MT412159	-1
MT451681	-1
MT451523	-1
MT326132	-1
MT334557	-1
MT334558	25
MT507005	25
MT188341	-1
MT509476	-1
MT326172	-1
MT252723	-1
MT322407	26
MT412295	26
MT326168	26
MT461605	-1
MT293163	-1
MT481896	-1
MT345839	-1
MT451422	-1
MT345848	-1
MT419840	27
MT444557	27
MT412232	-1
MT412299	-1
MT345860	-1
MT419828	-1
MT326064	-1
MT511682	-1
MT293180	-1
MT263407	-1
MT358746	-1
MT326175	-1
MT511699	-1
MT259239	-1
MT345799	-1
MT451879	-1
MT358736	-1
MT509689	-1
MT419821	-1
MT263393	-1
MT451741	-1
MT506587	-1
MT507024	-1
MT507032	-1
MT507031	28
MT507029	28
MT507030	28
MT509697	-1
MT375436	-1
MT451533	-1
MT451622	-1
MT449636	-1
MT419811	-1
MT419817	-1
MT451490	-1
MT451398	-1
MT447168	-1
MT451649	-1
MT447160	-1
MT474131	-1
MT507021	29
MT507020	29
MT435082	-1
MT506993	-1
MT507019	30
MT506990	30
MT536185	-1
MT419816	-1
MT451887	-1
MT444575	-1
MT506901	-1
MT511679	-1
MT506906	-1
MT509501	-1
MT496991	-1
MT496976	-1
MT467247	-1
MT467252	-1
MT451185	-1
MT481905	-1
MT496997	-1
MT451231	-1
MT385495	31
MT385487	31
MT506907	-1
MT370904	-1
MT506904	-1
MT506902	32
MT506896	32
MT506889	32
MT509505	-1
MT450929	-1
MT412313	-1
MT451025	-1
MT539160	-1
MT450962	-1
MT528630	-1
MT450936	-1
MT188339	-1
MT451034	33
MT450933	33
MT450938	-1
MT509511	34
MT539170	34
MT509506	35
MT539174	35
MT345829	-1
MT385477	-1
MT459896	-1
MT451881	-1
MT451882	-1
MT467254	-1
MT439284	-1
MT506977	-1
MT263415	-1
MT481895	-1
MT444626	36
MT444617	36
MT496987	-1
MT509651	-1
MT459865	-1
MT459899	-1
MT451766	37
MT451767	37
MT451586	37
MT496986	-1
MT461664	-1
MT407653	-1
MT509498	-1
MT358654	-1
MT467263	-1
MT496981	-1
MT509499	-1
MT509508	-1
MT451104	-1
MT496980	-1
MT509502	-1
MT496974	-1
MT522855	-1
MT467243	-1
MT482123	-1
MT467253	-1
MT326120	-1
MT246489	38
MT326097	38
MT263469	38
MT467258	39
MT467256	39
MT496982	39
MT496983	-1
MT345869	-1
MT496985	-1
MT481898	-1
MT252758	-1
MT481906	-1
MT496993	-1
MT163716	-1
MT467248	40
MT467245	40
MT496992	-1
MT496995	41
MT435085	41
MT496994	41
MT481901	-1
MT412303	-1
MT412296	-1
MT461627	-1
MT533210	-1
MT358671	-1
MT263429	-1
MT511071	-1
MT412294	-1
MT461653	-1
MT415320	-1
MT012098	-1
MT246459	-1
MT474126	-1
MT345877	-1
MT385447	-1
MT259228	-1
MT106054	-1
MT457398	-1
MT457394	-1
MT470179	-1
MT477903	-1
MT457395	-1
MT457399	-1
MT444609	-1
MT451229	-1
MT474132	-1
MT533238	-1
MT499177	-1
MT499208	-1
MT499210	42
MT499209	42
MT292578	-1
MT470123	-1
MT328034	43
MT459845	43
MT451624	-1
MT534330	44
MT534313	44
MT499190	-1
MT256918	-1
MT451187	-1
MT534319	-1
MT470134	-1
MT198651	-1
MT451680	-1
MT534310	-1
MT358637	-1
MT451530	-1
MT451827	-1
MT449673	-1
MT499198	-1
MT506636	-1
MT449658	-1
MT358638	-1
MT292577	-1
MT451033	45
MT451449	45
MT451242	-1
MT534334	-1
MT281577	-1
MT233521	-1
MT451401	46
MT451743	46
MT451835	47
MT451678	47
MT451556	47
MT451625	47
MT451555	47
MT451306	47
MT534337	-1
MT292573	-1
MT451450	48
MT451666	48
MT451839	48
MT451667	48
MT451456	48
MT534312	49
MT534311	49
MT444560	-1
MT292574	-1
MT451742	50
MT451249	50
MT451268	50
MT451152	50
MT451411	50
MT451141	51
MT451173	51
MT451412	52
MT451725	52
MT451400	53
MT451291	53
MT451473	53
MT451536	53
MT451389	-1
MT451196	54
MT451131	54
MT534320	-1
MT461633	-1
MT451553	-1
MT451554	-1
MT451576	-1
MT451258	-1
MT534328	-1
MT345866	-1
MT451795	-1
MT428554	-1
MT534335	-1
MT345873	-1
MT451589	55
MT451809	55
MT534317	-1
MT246487	-1
MT451784	56
MT451782	56
MT451585	-1
MT292582	-1
MT292576	-1
MT358744	-1
MT370985	57
MT198652	57
MT233523	58
MT292571	58
MT233519	58
MT292579	59
MT292581	59
MT370842	60
MT233520	60
MT534327	61
MT534333	61
MT412307	-1
MT534324	62
MT534323	62
MT534325	62
MT534316	-1
MT534336	63
MT534329	63
MT534322	-1
MT412335	-1
MT534321	64
MT534326	64
MT534331	64
MT534332	65
MT534314	65
MT534315	-1
MT507004	-1
MT449657	66
MT449654	66
MT534318	-1
MT371568	-1
MT358685	-1
MT507000	-1
MT326054	-1
MT451806	-1
MT451588	-1
MT506984	-1
MT507016	-1
MT375439	-1
MT375429	-1
MT507023	-1
MT259253	-1
MT451829	-1
MT451402	-1
MT506219	-1
MT506578	-1
MT506992	67
MT506986	67
MT446351	-1
MT511691	-1
MT419847	-1
MT451875	-1
MT439238	-1
MT444616	-1
MT308695	-1
MT449671	-1
MT506991	-1
MT533213	-1
MT345813	-1
MT449649	-1
MT412323	-1
MT419822	-1
MT506576	-1
MT345820	-1
MT415905	-1
MT451788	-1
MT451789	-1
MT412165	-1
MT451393	-1
MT412161	-1
MT444593	-1
MT252801	-1
MT451791	-1
MT449677	-1
MT451520	-1
MT451830	-1
MT412315	-1
MT246465	-1
MT451260	-1
MT451573	-1
MT259287	-1
MT326145	-1
MT293183	-1
MT412158	-1
MT374101	-1
MT370848	-1
MT370831	-1
MT447167	-1
MT371038	-1
MT371029	-1
MT449645	-1
MT370871	-1
MT385485	-1
MT370880	-1
MT412265	-1
MT451524	-1
MT345822	-1
MT293184	-1
MT163721	-1
MT447165	-1
MT459919	-1
MT536188	-1
MT509488	-1
MT536184	-1
MT263384	-1
MT326091	-1
MT396242	-1
MT450872	68
MT459979	68
MT435086	-1
MT506890	-1
MT438759	-1
MT326041	-1
MT536973	-1
MT444545	-1
MT496972	-1
MT467241	-1
MT496988	-1
MT467240	-1
MT509504	-1
MT270114	-1
MT467238	-1
MT509494	-1
MT435081	-1
MT467251	-1
MT435083	-1
MT506888	-1
MT451128	69
MT451126	69
MT533204	-1
MT451245	-1
MT451568	-1
MT451804	70
MT451803	70
MT451569	70
MT451574	70
MT451341	-1
MT451636	-1
MT451700	-1
MT451445	71
MT451239	71
MT439230	72
MT506199	72
MT451122	73
MT451036	73
MT451484	-1
MT459877	-1
MT451752	74
MT451748	74
MT451733	74
MT370517	-1
MT451726	-1
MT506898	-1
MT326053	-1
MT412291	-1
MT252680	-1
MT535500	-1
MT459856	-1
MT293211	-1
MT345844	-1
MT459903	-1
MT252766	-1
MT459836	-1
MT451416	75
MT451414	75
MT482146	-1
MT451145	-1
MT451396	76
MT451299	76
MT451303	76
MT263382	-1
MT459861	-1
MT459846	-1
MT252778	-1
MT326084	-1
MT459923	-1
MT263422	-1
MT539158	-1
MT252810	-1
MT407656	-1
MT263411	-1
MT263426	77
MT412292	77
MT326163	78
MT461644	78
MT500122	-1
MT528619	-1
MT528626	79
MT528603	79
MT281530	80
MT320891	80
MT533216	81
MT533212	81
MT263392	-1
MT079845	-1
MT293178	-1
MT358739	-1
MT293160	-1
MT415894	-1
MT385471	-1
MT385481	-1
MT451616	-1
MT246476	-1
MT252765	-1
MT412238	-1
MT263388	-1
MT293161	-1
MT375450	-1
MT326038	-1
MT263447	-1
MT246482	82
MT326131	82
MT358651	-1
MT263443	-1
MT252747	-1
MT375476	-1
MT444624	-1
MT375477	-1
MT326076	-1
MT412324	-1
MT461649	-1
MT358650	-1
MT263454	-1
MT293169	-1
MT293203	83
MT252684	83
MT345855	-1
MT451522	84
MT451079	84
MT451235	85
MT451233	85
MT451197	85
MT451657	85
MT451218	85
MT451296	-1
MT451570	86
MT451176	86
MT451123	86
MT415911	-1
MT345849	-1
MT322414	-1
MT350257	-1
MT358737	-1
MT263406	-1
MT434797	-1
MT380733	-1
MT370913	-1
MT326058	-1
MT444598	87
MT444540	87
MT412300	-1
MT345815	88
MT412225	88
MT246451	89
MT326093	89
MT412286	90
MT326083	90
MT358708	90
MT461646	-1
MT412302	-1
MT246475	-1
MT358684	-1
MT345887	-1
MT412228	-1
MT412257	-1
MT511072	-1
MT412321	-1
MT358716	-1
MT412281	-1
MT050493	-1
MT451164	91
MT451603	91
MT451109	91
MT049951	-1
MT322406	-1
MT350269	-1
MT517423	-1
MT517428	92
MT517422	92
MT477859	-1
MT358679	-1
MT350271	-1
MT350275	-1
MT412316	-1
MT350278	93
MT350276	93
MT350273	93
MT350272	93
MT350267	93
MT350266	93
MT350265	93
MT350264	93
MT262909	93
MT262908	93
MT262906	93
MT262904	93
MT262903	93
MT262902	93
MT262898	93
MT262897	93
MT262896	93
MT350263	93
MT350268	-1
MT326051	-1
MT482130	-1
MT461609	-1
MT482124	94
MT482120	94
MT358687	-1
MT482127	95
MT482125	95
MT412278	-1
MT482126	-1
MT482122	-1
MT326052	-1
MT517425	-1
MT252803	-1
MT461625	-1
MT293168	96
MT252683	96
MT326062	-1
MT517424	-1
MT385450	-1
MT358649	-1
MT345803	-1
MT460127	-1
MT533215	-1
MT358669	-1
MT326065	-1
MT293215	-1
MT385440	-1
MT293213	97
MT326164	97
MT326159	-1
MT499171	-1
MT434817	-1
MT358402	-1
MT511693	-1
MT511694	-1
MT370991	-1
MT385444	-1
MT451800	-1
MT345874	-1
MT457397	-1
MT509487	-1
MT451421	-1
MT326107	-1
MT457396	-1
MT482133	-1
MT308693	-1
MT428553	-1
MT418893	-1
MT511076	-1
MT370990	-1
MT460120	-1
MT334554	-1
MT511079	-1
MT370968	-1
MT509467	98
MT509472	98
MT439281	98
MT325597	98
MT482110	-1
MT509453	-1
MT451648	-1
MT511068	-1
MT370861	-1
MT358401	-1
MT418894	-1
MT482111	-1
MT370940	99
MT509462	99
MT499180	-1
MT451334	-1
MT511081	100
MT511080	100
MT451140	-1
MT451386	-1
MT511077	-1
MT511075	101
MT511070	101
MT511066	101
MT451142	-1
MT460130	-1
MT370949	-1
MT451144	102
MT451037	102
MT345868	102
MT451354	102
MT451365	102
MT375458	-1
MT375473	-1
MT438760	-1
MT533223	-1
MT460118	103
MT533220	103
MT451259	-1
MT370902	-1
MT345888	-1
MT396243	-1
MT370884	-1
MT451213	-1
LC547530	-1
MT123291	-1
MT396247	-1
MT446312	-1
MT123293	-1
MT451189	-1
MT184908	-1
MT184910	-1
MT451732	104
MT451702	104
MT451815	104
MT451519	104
MT451621	104
MT451468	104
MT451614	104
MT451584	104
MT451448	104
MT451495	104
MT451828	104
MT412175	-1
MT451093	-1
MT499202	-1
MT334540	105
MT334539	105
MT470160	-1
MT539163	-1
MT511677	106
MT511678	106
MT451355	-1
MT528610	-1
MT533236	107
MT533235	107
MT451146	-1
MT159712	-1
MT444546	-1
MT512441	-1
MT444517	-1
MT470176	-1
MT444534	-1
MT295465	-1
MT451110	-1
MT509486	108
MT509475	108
MT507282	-1
MT451257	109
MT451253	109
MT482118	-1
MT512443	-1
MT506980	-1
MT350277	-1
MT444630	-1
MT535488	-1
MN994467	-1
MT509481	-1
MT451188	-1
MT263395	-1
MT444632	-1
MT444551	-1
MT444552	-1
MT263410	-1
MT451710	-1
MT451149	-1
MT451470	-1
MT027063	110
MT027062	110
MT444621	111
MT444620	111
MN988713	-1
MT230904	-1
MT044257	-1
MT415896	-1
MT451505	-1
MT451207	-1
MT451230	112
MT450944	112
MT451571	112
MT450967	-1
MT019529	-1
MT444608	-1
MT506985	-1
MT418880	113
MT418881	113
MT439317	-1
MT451463	114
MT451518	114
MT451517	114
MT451708	-1
MT536976	-1
MT535492	115
MT444633	115
MT535489	115
MT506213	-1
MT370841	-1
MT371569	-1
MT444622	-1
MT412160	-1
MT509456	-1
MT322420	-1
MT276330	-1
MT470144	-1
MT470168	-1
MT444581	-1
MT444635	-1
MT451084	-1
MT539162	-1
MT459841	-1
MT259271	-1
MT412167	-1
MT506979	-1
MT345836	116
MT415895	116
MT407659	-1
MT451017	-1
MT263074	-1
MT374112	-1
MT510727	-1
MT510728	-1
MT451013	117
MT450971	117
MT459904	-1
MT451241	118
MT450966	118
MT477845	-1
MT470177	-1
MT451026	-1
MT451615	119
MT412138	119
MT439283	119
MT461606	119
MT370516	120
MT374102	120
MT370518	120
MT374104	120
MT374103	-1
MT451598	-1
MT470116	-1
MT259252	-1
MT325588	-1
MT450923	-1
MT470105	-1
MT517434	121
MT517431	121
MT517433	121
MT451677	-1
MT461611	-1
MT412177	122
MT506680	122
MT528602	-1
MT374109	-1
MT327745	-1
MT322411	123
MT325628	123
MT506657	-1
MT476385	-1
MT451798	-1
MT334538	-1
MT412183	-1
MT308703	-1
MT528628	124
MT528608	124
MT246470	-1
MT451627	125
MT451286	125
MT449639	-1
MT506665	126
MT506681	126
MT439302	127
MT439249	127
MT325608	-1
MT325573	-1
MT451158	-1
MT276325	-1
MT512425	-1
MT507028	-1
MT459833	-1
MT328032	-1
MT451375	128
MT451315	128
MT345872	-1
MT325607	-1
MT451101	-1
MT371570	-1
MT371572	-1
MT451712	-1
MT535484	129
MT539161	129
MT325571	-1
MT450995	-1
MT450996	130
MT450950	130
MT451116	130
MT325567	131
MT512439	131
MT512431	131
MT451454	-1
MT451477	132
MT451479	132
MT451476	132
MT375431	-1
MT325625	-1
MT450943	133
MT450988	133
MT451453	-1
MT451816	-1
MT506976	-1
MT325575	-1
MT450987	134
MT451010	134
MT451240	134
MT451222	134
MT450947	134
MT451054	134
MT451822	-1
MT451538	135
MT114415	135
MT114414	135
MT365028	135
MT345832	-1
MT325572	-1
MT451451	-1
MT326149	-1
MT451273	-1
MT450932	136
MT450948	136
MT451021	-1
MT450985	137
MT450968	137
MT451639	-1
MT450980	138
MT450973	138
MT451007	139
MT450945	139
MT324684	-1
MT325624	140
MT325623	140
MT325606	140
MT304481	140
MT304480	140
MT325570	140
MT344945	140
MT450942	-1
MT451085	-1
MT451285	141
MT451781	141
MT451205	141
MT345870	-1
MT451659	-1
MT451661	-1
MT439257	142
MT385472	142
MT439282	143
MT334555	143
MT451032	-1
MT451713	-1
MT451801	144
MT451433	144
MT451447	144
MT451186	145
MT451754	145
MT451628	146
MT451772	146
MT451771	146
MT451206	146
MT451423	146
MT451753	146
MT451832	146
MT451436	-1
MT450952	-1
MT451435	-1
MT451168	-1
MT358724	-1
MT326037	-1
MT451595	-1
MT358730	-1
MT259276	-1
MT252788	-1
MT451275	-1
MT506978	-1
MT451826	-1
MT451487	-1
MT412260	-1
MT451693	-1
MT358670	-1
MT451074	-1
MT451075	-1
MT251976	147
MT345805	147
MT326027	147
MT451376	-1
MT326176	-1
MT326042	-1
MT451345	-1
MT412275	-1
MT451500	148
MT451491	148
MT326166	-1
MT412212	149
MT506565	149
MT438726	-1
MT451295	-1
MT358677	-1
MT511680	-1
MT451817	150
MT451506	150
MT358711	-1
MT358735	-1
MT375468	151
MT412255	151
MT251980	-1
MT246457	-1
MT451516	-1
MT326155	-1
MT412337	-1
MT451525	-1
MT263397	-1
MT252679	-1
MT506678	152
MT509696	152
MT370879	153
MT251974	153
MT370886	-1
MT451403	154
MT451457	154
MT326036	154
LC547519	154
MT461603	-1
MT451770	-1
MT451252	-1
MT509493	-1
MT293182	-1
MT370864	-1
MT252721	-1
MT326108	-1
MT451057	-1
MT358731	-1
MT451255	-1
MT451709	155
MT451601	155
MT419838	-1
MT451366	-1
MT451407	-1
MT358718	-1
MT451208	156
MT451209	156
MT259238	156
MT259284	-1
MT451165	-1
MT451284	-1
MT246473	-1
MT345827	-1
MT326174	-1
MT451278	-1
MT326167	-1
MT451047	-1
MT511683	-1
MT451000	-1
MT511698	-1
MT451224	157
MT451048	157
MT451081	157
MT451321	-1
MT419855	-1
MT451521	-1
MT451410	-1
MT449661	-1
MT451099	-1
MT370892	158
MT370839	158
MT370919	158
MT451776	-1
MT252737	-1
MT451409	159
MT451137	159
MT451424	160
MT451301	160
MT451035	160
MT451066	160
MT451038	160
MT259285	-1
MT451216	161
MT451039	161
MT263404	-1
MT358709	-1
MT344954	-1
MT511681	-1
MT444605	-1
MT325568	-1
MT461612	-1
MT461663	-1
MT419835	-1
MT419836	162
MT419839	162
MT419837	162
MT451617	-1
MT385476	-1
MT451329	-1
MT459878	-1
MT459885	-1
MT451446	-1
MT451819	-1
MT459911	-1
MT451374	-1
MT451367	163
MT451637	163
MT507022	-1
MT459910	-1
MT510720	-1
MT459891	-1
MT419827	-1
MT459886	-1
MT509693	-1
MT499196	-1
MT506974	-1
MT459853	-1
MT451575	-1
MT459852	-1
MT326080	-1
MT459922	-1
MT444555	-1
MT459838	-1
MT446355	-1
MT293209	-1
MT419819	-1
MT459857	-1
MT334552	-1
MT506702	-1
LC547533	-1
MT451738	164
MT451544	164
MT451749	164
MT451786	-1
MT451340	-1
MT460125	-1
MT326031	-1
LC547528	165
LC547529	165
MT506564	-1
MT293207	-1
MT439266	-1
MT350254	-1
MT506215	-1
MT350255	166
MT350256	166
MT451336	-1
MT451353	-1
MT326112	-1
MT233522	-1
MT451302	167
MT451300	167
MT446361	-1
MT385462	168
MT510723	168
MT358640	-1
MT358642	-1
MT451763	-1
MT510724	169
MT474128	169
MT506981	-1
MT328033	-1
MT444631	-1
MT517426	-1
MT308694	170
MT439241	170
MT419859	-1
MT304479	-1
MT470103	-1
MT334522	-1
MT276327	171
MT276326	171
MT510643	-1
MT533207	-1
MT460138	-1
MT371016	-1
MT451357	-1
MT451069	-1
MT451385	-1
MT380730	-1
MT451138	172
MT531537	172
MT304477	173
MT325569	173
MT470171	173
MT263401	-1
MT359866	-1
MT451503	-1
MT451618	174
MT385446	174
MT451550	-1
MT419843	-1
MT450953	-1
MT499192	175
MT499185	175
MT451413	-1
MT374114	-1
MT507014	176
MT507002	176
MT385418	-1
MT506586	-1
MT460128	-1
MT451745	-1
MT374116	-1
MT263460	-1
MT460137	177
MT460140	177
MT451551	-1
MT318827	-1
MT370999	-1
MT374108	-1
MT449653	-1
MT459876	178
MT459870	178
MT459867	178
MT328035	178
MT326139	-1
MT258379	179
MT510718	179
MT412166	-1
MT451265	-1
MT444591	-1
MT451244	-1
MT450930	-1
MT506691	-1
MT304478	-1
MT412208	-1
MT451787	-1
MT259250	-1
MT470156	-1
MT276598	-1
MT276329	180
MT512438	180
MT412152	181
MT506672	181
MT451596	-1
MT511687	-1
MT510747	-1
MT326109	-1
MT419815	-1
MT444615	182
MT535482	182
MT506583	-1
MT412205	183
MT412190	183
MT371574	184
MT371573	184
MT371571	184
MT263402	-1
MT451091	-1
MT451018	185
MT451092	185
MT451602	185
MT451758	185
MT451247	185
MT451274	186
MT451060	186
MT451552	-1
MT415323	-1
MT451225	187
MT439233	187
MT459873	-1
MT451462	188
MT451304	188
MT451452	-1
MT451467	-1
MT451441	189
MT451201	189
MT444583	190
MT451314	190
MT511695	191
MT511692	191
MT444553	-1
MT334565	-1
MT451650	-1
MT259247	-1
LC547525	192
LC547523	192
MT451458	-1
MT451136	193
MT459834	193
MT533230	193
MT259263	-1
MT444612	-1
MT459921	194
MT459920	194
MT459914	194
MT459913	194
MT459912	194
MT459909	194
MT459907	194
MT459906	194
MT459902	194
MT459901	194
MT459898	194
MT459887	194
MT459884	194
MT459879	194
MT459875	194
MT459874	194
MT459871	194
MT459869	194
MT459868	194
MT459866	194
MT459863	194
MT459859	194
MT459858	194
MT459855	194
MT459854	194
MT459851	194
MT459848	194
MT459843	194
MT459842	194
MT459839	194
MT451696	-1
MT371048	195
MT358639	195
MT451203	196
MT450960	196
LC547531	196
LC547527	196
LC547524	196
MT451147	196
MT326157	-1
MT512436	197
MT512421	197
MT451288	-1
MT451594	-1
MT451309	198
MT451531	198
MT451472	198
MT451824	198
MT451254	199
MT370965	199
MT533222	199
MT370995	-1
MT459835	200
MT517429	200
MT460126	-1
MT451644	201
MT451202	201
MT451765	201
MT459895	201
MT419860	202
MT339040	202
MT459890	202
MT252787	-1
MT451113	203
MT270815	203
MT270814	203
LC547532	204
MT527178	204
MT509480	204
MT533228	205
MT459832	205
LC547526	205
MT451120	205
MT371002	-1
MT450958	-1
MT292580	-1
MT370960	-1
MT461645	-1
MT496978	-1
MT370953	-1
MT371030	-1
MT370863	-1
MT370862	-1
MT370958	-1
MT371017	-1
MT370859	-1
MT370869	-1
MT370844	-1
MT506571	-1
MT263453	-1
MT451466	-1
MT506897	-1
MT451684	-1
MT444577	-1
MT482148	-1
MT345823	-1
MT451613	-1
MT263441	-1
MT451269	-1
MT451485	-1
MT451399	206
MT451397	206
MT451642	-1
MT451658	-1
MT446359	-1
MT444526	-1
MT496979	-1
MT509492	-1
MT446348	-1
MT446357	-1
MT446342	-1
MT451646	-1
MT509489	-1
MT371004	-1
MT252821	-1
MT509495	-1
MT506894	-1
MT326034	-1
MT246485	-1
MT429188	-1
MT375456	-1
MT509703	-1
MT450954	-1
MT451606	207
MT451271	207
MT509649	-1
MT509509	-1
MT483560	208
MT483556	208
MT481899	-1
MT496984	-1
MT483557	-1
MT481897	-1
MT439273	-1
MT496975	209
MT451885	209
MT483555	210
MT481909	210
MT483558	211
MT483554	211
MT467261	212
MT467262	212
MT163720	-1
MT451143	-1
MT451264	-1
MT451070	213
MT451051	213
MT451087	214
MT509464	214
MT451195	-1
MT263383	-1
MT539166	-1
MT539176	-1
MT451238	-1
MT496989	-1
MT496996	215
MT467242	215
MT481900	215
MT451174	-1
MT451073	216
MT451041	216
MT539167	-1
MT539173	-1
MT451204	-1
MT509702	-1
MT451699	217
MT451194	217
MT451701	-1
MT509482	-1
MT435080	-1
MT533206	-1
MT252823	-1
MT451317	218
MT451177	218
MT451009	-1
MT451124	219
MT451160	219
MT506566	-1
MT451118	220
MT451162	220
MT451330	-1
MT370956	-1
MT451731	221
MT451431	221
MT451562	221
MT451328	221
MT451154	221
MT438755	-1
MT451779	-1
MT506670	-1
MT412236	-1
MT263448	-1
MT326160	-1
MT451251	222
MT451236	222
MT451214	-1
MT263463	-1
MT451383	223
MT506227	223
MT263428	-1
MT370925	-1
MT358673	-1
MT528600	-1
MT482141	-1
MT326049	-1
MT358672	-1
MT326090	-1
MT459889	224
MT459918	224
MT358683	-1
MT412252	-1
MT460131	-1
MT246479	-1
MT535483	-1
MT412276	-1
MT259249	-1
MT451360	225
MT451272	225
MT322396	-1
MT370983	-1
MT251977	-1
MT461631	-1
MT419834	226
MT419833	226
MT263457	-1
MT259258	227
MT536187	227
MT358682	-1
MT375465	-1
MT412287	-1
MT412246	228
MT259257	228
MT326180	-1
MT506695	-1
MT459840	-1
MT370980	229
MT370973	229
MT370971	-1
MT459900	-1
MT293190	-1
MT459894	230
MT459883	230
MT444589	-1
MT326029	-1
MT358681	-1
MT079854	-1
MT358720	-1
MT375472	-1
MT412268	-1
MT528612	-1
MT528614	-1
MT528618	-1
MT263414	-1
MT528601	-1
MT419829	-1
MT535486	-1
MT407652	-1
MT293156	-1
MT533237	-1
MT447171	-1
MT447173	-1
MT461641	-1
MT447163	-1
MT447158	-1
MT447166	231
MT447169	231
MT451062	-1
MT447174	232
MT447176	232
MT447175	-1
MT293177	-1
MT246455	-1
MT419831	-1
MT259237	-1
MT345885	-1
MT451527	233
MT451605	233
MT451608	233
MT451607	233
MT375470	-1
MT371011	-1
MT451599	-1
MT326096	-1
MT451333	-1
MT252807	-1
MT451256	-1
MT246471	-1
MT451182	-1
MT451501	-1
MT451246	-1
MT451294	-1
MT450956	234
MT450955	234
MT451720	-1
MT385466	-1
MT451688	-1
MT385465	-1
MT451349	235
MT451339	235
MT451348	235
MT451557	235
MT345862	-1
MT451499	-1
MT451629	-1
MT451821	-1
MT506696	-1
MT451746	236
MT451549	236
MT451723	236
MT451440	-1
MT412284	-1
MT451698	237
MT451335	237
MT451434	237
MT375459	-1
MT451674	-1
MT451332	238
MT451469	238
MT451790	238
MT451361	-1
MT451489	239
MT451722	239
MT533233	-1
MT451308	-1
MT419830	-1
MT451687	-1
MT451170	-1
MT451356	240
MT451626	240
MT385467	-1
MT451290	-1
MT461620	-1
MT451747	-1
MT451717	241
MT451566	241
MT451293	241
MT451759	241
MT451630	-1
MT451640	242
MT451664	242
MT451775	242
MT412174	243
MT412172	243
MT412173	243
MT451655	-1
MT451564	-1
MT451686	244
MT451665	244
MT451344	-1
MT451346	245
MT451565	245
MT451545	245
MT451729	246
MT451558	246
MT451718	246
MT451337	-1
MT451388	-1
MT482128	-1
MT451734	-1
MT451563	247
MT451547	247
MT451705	248
MT451343	248
MT451727	248
MT451338	249
MT451706	249
MT451719	249
MT451836	249
MT451418	-1
MT451211	-1
MT451721	250
MT451368	250
MT418890	-1
MT451215	-1
MT412279	-1
MT449648	-1
MT451510	251
MT451559	251
MT451560	252
MT451504	252
MT451541	252
MT451768	253
MT451769	253
MN996529	-1
MT418892	-1
MT451512	-1
MT451513	-1
MT451736	254
MT451358	254
MT461614	-1
MT451728	255
MT451212	255
MT259246	-1
MT451210	256
MT451668	256
MT451183	-1
MT412330	257
MT451455	257
MT412271	-1
MT482119	-1
MT412285	-1
MT450875	258
MT450874	258
MT535490	-1
MT326150	-1
MT358659	-1
MT482121	-1
MT444580	259
MT444574	259
MT263403	-1
MT444571	-1
MT507795	-1
MT444572	-1
LR757998	-1
MT334548	-1
MT418884	260
MT418883	260
MT511073	261
MT511074	261
MT511067	261
MT444550	262
MT444548	262
MT444597	262
MT444549	263
MT444569	263
MT444596	263
MT444595	263
MT444579	263
MT444594	263
MT444604	263
MT444554	-1
MT252716	-1
MT444570	-1
MT444578	264
MT444573	264
MT334559	-1
MT536971	265
MT536970	265
MT350239	-1
MT350248	-1
MT350249	-1
MT358699	-1
MT506707	-1
MT375434	-1
MT326078	-1
MT252707	-1
MT412298	-1
MT477850	-1
MT481929	-1
MT481930	-1
MT461652	-1
MT385461	-1
MT259236	-1
MT461661	-1
MT517421	-1
MT123292	-1
MT259274	-1
MT326055	-1
MT358647	-1
MT345843	-1
MN996531	-1
MT263462	-1
MT326113	-1
MT345854	266
MT326162	266
MT477844	-1
MT385464	267
MT385443	267
MT326124	-1
MT259248	-1
MT452576	-1
MT450924	-1
MT106052	-1
MT370857	-1
MT263386	268
MT499203	268
MT326111	-1
MT477858	269
MT477860	269
MT477856	269
MT291831	-1
MT326165	-1
MT252688	270
MT419812	270
MT252824	-1
MT345871	-1
MT159705	-1
MT159722	-1
MT263387	271
MT419853	271
MT375452	-1
MT512423	-1
MT358742	272
MT452575	272
MT385445	273
MT481936	273
MT477861	-1
MT184911	-1
MT159717	-1
MT385432	-1
MT079846	274
MT079850	274
MT079843	275
MT079853	275
MT079844	275
MT412320	-1
MT344961	-1
MT365032	-1
MT461662	-1
LC534419	-1
MN975262	-1
MT371025	-1
MT007544	-1
MT385434	-1
MT532557	-1
MT472625	-1
MT159718	-1
MT461610	-1
MT412244	-1
MT263408	-1
MT509470	-1
MT370885	276
MT370917	276
MT370932	-1
MT370868	277
MT370860	277
MT370833	277
MT434808	277
MT252702	-1
MT293179	278
MT246478	278
MT293194	-1
LC542976	-1
MT461648	279
MT412326	279
MT326092	-1
MT512429	280
MT259280	280
MT326088	280
MT326024	-1
MT461640	281
MT461647	281
MT358660	281
MT358658	281
MT474133	-1
MT460116	-1
MT325622	282
MT325604	282
MT532437	-1
MT263451	-1
MT252745	283
MT252710	283
MT375483	-1
MT444607	284
MT535494	284
MT412309	-1
MT252770	-1
MT412134	-1
MT535498	-1
MT535491	-1
MT304489	-1
MT252687	-1
MT291834	-1
MT449665	-1
MT135043	-1
MT066176	-1
MT246474	-1
MT252805	-1
MT263398	-1
MT291833	285
MT291832	285
MT135044	286
MT135042	286
MT135041	286
MT512420	-1
MT259270	-1
MT385441	-1
MT252681	-1
MT477862	-1
MT451459	287
MT385436	287
MT246468	-1
MT276323	-1
MT461617	-1
MT326100	288
MT345800	288
MT461629	289
MT412237	289
MT252761	-1
MT460134	-1
MT326050	-1
MT326077	-1
MT293222	290
MT358723	290
MT252736	-1
MT412333	-1
MT186683	-1
MT263440	-1
MT259283	291
MT259272	291
MT326101	-1
MT252678	-1
MT438748	292
MT438744	292
MT252757	-1
MT252771	-1
MT326128	-1
MT325581	-1
MT251972	-1
MT246483	-1
MT385497	-1
MT326026	-1
MT326129	-1
MT358657	-1
MT412235	-1
MT326177	-1
MT385496	-1
MT358674	-1
MT326023	-1
MT326043	-1
MT385494	-1
MT246472	-1
MT358747	-1
MT470132	-1
MT293186	-1
MT334532	293
MT252764	293
MT293210	293
MT461623	-1
MT326047	-1
MT326142	-1
MT326151	-1
MT293204	294
MT293162	294
MT259273	294
MT345865	294
MT304485	295
MT304484	295
MT325595	295
MT470146	-1
MT263468	-1
MT461615	-1
MT252802	296
MT252808	296
MT252811	-1
MT326094	-1
MT326039	-1
MT451580	297
MT451578	297
MT451581	298
MT451159	298
MT252782	-1
MT451362	-1
MT326148	-1
MT345859	-1
MT293217	299
MT326146	299
MT345807	-1
MT358692	300
MT375433	300
MT477851	-1
MT477847	301
MT477857	301
MT470124	-1
MT450910	-1
MT326121	-1
MT263420	-1
MT461657	-1
MT434803	-1
MT450908	-1
MT450909	302
MT450911	302
MT252698	303
MT252763	303
MT252739	303
MT252785	-1
MT385492	-1
MT293187	-1
MT385493	-1
MT263405	-1
MT412332	304
MT246490	304
MT252696	304
MT326030	304
MT375480	304
MT293176	305
MT326095	305
MT326171	-1
MT412269	-1
MT412230	-1
MT444562	-1
MT326028	-1
MT326087	306
MT326127	306
MT375479	306
MT375428	306
MT474138	-1
MT536974	-1
MT536975	-1
MT385490	-1
MT326067	307
MT326066	307
LC534418	-1
MT451548	-1
MT326104	308
MT326081	308
MT326103	308
MT326143	309
MT326079	309
MT263399	309
MT263465	310
MT252733	310
MT259240	-1
MT293214	311
MT326178	311
MT326186	-1
MT326102	-1
MT326085	-1
MT293200	-1
MT385435	312
MT474136	312
MT451063	-1
MT451724	-1
MT263400	-1
MT345840	-1
MT345842	313
MT345841	313
MT385416	-1
MT450975	-1
MT263419	314
MT263464	314
MT370989	-1
MT506996	-1
MT358741	-1
MT412193	-1
MT370850	-1
MT533209	-1
MT412241	-1
MT293225	315
MT326116	315
MT252703	-1
MT293198	-1
MT370988	-1
MT371035	-1
MT451406	-1
MT419846	-1
MT370959	-1
MT419818	-1
MT482149	-1
MT499205	-1
MT451714	-1
MT451430	-1
MT252689	316
MT293216	316
MT326147	317
MT252799	317
MT252677	317
MT259275	317
MT263381	317
MT246466	317
MT326153	-1
MT370942	-1
MT507018	-1
MT482147	-1
MT385428	318
MT510725	318
MT451408	-1
MT246458	-1
MT358732	-1
MT370928	319
MT370878	319
MT370997	319
MT412318	320
MT370969	320
MT370874	320
MT370951	320
MT370882	321
MT370936	321
MT370977	321
MT434789	-1
MT451609	-1
MT385483	-1
MT252685	322
MT252691	322
MT252798	323
MT252713	323
MT450877	-1
MT450892	-1
MT450876	-1
MT450878	324
MT450893	324
MT450873	324
MT325594	-1
MT451095	325
MT451003	325
MT334529	325
MT450941	325
MT451011	325
MT385484	-1
MT434805	326
MT434798	326
MT434793	326
MT434809	-1
MT434782	-1
MT434801	327
MT434788	327
MT325593	328
MT325592	328
MT444590	-1
MT533231	329
MT460133	329
MT507280	-1
MT358641	-1
MT326183	-1
MT324062	-1
MT451243	330
MT459864	330
MT510721	-1
MT451737	-1
MT370847	-1
MT451237	331
MT371023	331
MT371000	331
MT370998	331
MT370875	331
MT370837	331
MT370840	-1
MT434785	-1
MT252719	-1
MT434792	-1
MT293158	-1
MT507794	-1
MT536977	-1
MT039888	-1
MT419810	-1
MT370993	332
MT370898	332
MT371034	333
MT370870	333
MT370854	333
MT512440	-1
MT365030	-1
MT365031	-1
MT358726	-1
MT385439	-1
MT385482	-1
MT304476	334
MT304475	334
MT304474	334
MT252725	-1
MT434813	-1
MT256924	-1
MT470147	-1
MT533219	-1
MT470126	-1
MT293188	-1
MT252704	-1
MT159720	-1
MT434783	-1
MT434814	335
MT434784	335
MT451076	-1
MT451125	-1
MT415909	-1
MT470127	-1
MT350236	-1
MT450972	336
MT450961	336
MT451811	337
MT451266	337
MT451572	338
MT451810	338
MT451647	338
MT451818	338
MT528620	-1
MT470135	-1
MT434807	-1
MT252749	-1
MT350247	-1
MT334547	-1
MT434787	-1
MT263412	-1
MT415906	-1
MT499186	-1
MT451105	339
MT451080	339
MT450982	339
MT450983	339
MT322398	-1
MT371049	-1
MT418889	-1
MT447162	-1
MT419852	340
MT385442	340
MT418891	-1
MT246454	-1
MT385479	-1
MT350238	-1
MT415907	341
MT415904	341
MT326106	-1
MT374113	-1
MT350241	-1
MT350246	-1
MT482144	-1
MT259262	342
MT252690	342
MT415901	-1
MT415898	343
MT415900	343
MT415903	343
MT415897	344
MT415908	344
MT326069	-1
MT293172	-1
MT482145	345
MT482143	345
MT477841	346
MT477843	346
MT477838	346
MT477840	346
MT499197	-1
MT385425	-1
MT263416	-1
MT415910	-1
MT461667	-1
MT507025	-1
MT345852	-1
LC529905	-1
MT123290	-1
MT350282	-1
MT263452	-1
MT415902	-1
MT415899	347
MT350240	347
MT461621	-1
MT344962	348
MT188340	348
MT263434	-1
MT412280	-1
MT121215	-1
MT252694	-1
MT506987	-1
MT470159	-1
MT407650	-1
MT507010	-1
MT470145	-1
MT291826	-1
MT412297	-1
LC542809	-1
MT451307	349
MT451044	349
MT419844	-1
MT528606	-1
MT293197	-1
MT438736	-1
MT252738	-1
MT451015	-1
MT293223	350
MT326191	350
MT345845	351
MT326056	351
MT066156	-1
MT345853	-1
MT370883	352
MT371026	352
MT450916	-1
MT326073	-1
MT345864	-1
MT370918	-1
MT474127	-1
MT326089	-1
MT511701	-1
MT450927	353
MT450926	353
MT450993	353
MT326098	-1
MT451415	354
MT345851	354
MT506563	-1
MT385478	-1
MT263409	-1
MT345856	-1
MT511688	-1
MT449666	-1
MT450940	355
MT450934	355
MT358678	-1
MT370945	-1
MT451543	-1
MT252772	356
MT252717	356
MT451029	357
MT451030	357
MT345867	-1
MT451055	-1
MT528622	-1
MT375475	-1
MT535474	-1
MT334566	-1
MT451350	-1
MT482117	-1
MT326114	-1
MT322394	-1
MT407649	-1
MT407651	-1
MT451012	-1
MT509704	-1
MT450891	-1
MT499207	-1
MT444532	-1
MT263430	358
MT370849	358
MT246461	359
MT326057	359
MT246488	359
MT259282	-1
MT451289	-1
MT444527	-1
MT451464	-1
MT449669	-1
MT246464	-1
MT263450	-1
MT370967	-1
MT370922	-1
MT460124	-1
MT370888	-1
MT079847	-1
MT293208	360
MT263418	360
MT450925	-1
MT506577	-1
MT483564	-1
MT439293	361
MT451250	361
MT263461	362
MT252775	362
MT259259	-1
MT533208	-1
MT506546	-1
MT509468	-1
MT293192	-1
MT252806	-1
MT252748	-1
MT450981	-1
MT412215	-1
MT419820	-1
MT370866	363
MT370852	363
MT293202	364
MT345837	364
MT259255	-1
MT451823	-1
MT259242	-1
MT506975	-1
MT460139	365
MT533211	365
MT370855	-1
MT449663	-1
MT252735	-1
MT345850	-1
MT263427	366
MT252809	366
MT419845	366
MT451840	-1
MT451327	-1
MT451387	-1
MT460123	-1
MT460129	-1
MT419850	-1
MT325565	-1
MT460121	367
MT460115	367
MT460114	367
MT370903	-1
MT246469	-1
MT451483	-1
MT370908	-1
MT536967	-1
MT325564	-1
MT460122	-1
MT370894	-1
MT412263	-1
MT292572	-1
MT322412	-1
MT451067	-1
MT334569	-1
MT293224	-1
MT293196	-1
MT450970	-1
MT322403	-1
MT444556	-1
MT451133	-1
MT412264	-1
MT370846	368
MT412272	368
MT370938	-1
MT450990	-1
MT252797	-1
MT451695	-1
MT509463	-1
MT370974	-1
MT358661	-1
MT451390	-1
MT371020	-1
MT449650	-1
MT412239	-1
MT334530	-1
MT451199	-1
LC547522	369
LC547521	369
MT506667	370
MT506224	370
MT506216	370
MT439297	370
MT509695	-1
MT370853	371
MT370944	371
MT509477	371
MT509692	371
MT444610	-1
MT444521	-1
MT345883	372
MT451474	372
MT451672	-1
MT308698	-1
MT450998	373
MT450997	373
MT412290	-1
MT451583	-1
MT450928	-1
MT506899	-1
MT509455	374
MT506569	374
MT451006	-1
MT252800	375
MT252709	375
MT451053	-1
MT451098	376
MT451103	376
MT451755	-1
MT412149	377
MT370950	377
MT371007	377
MT461637	-1
MT412305	378
MT429184	378
MT345876	378
MT412306	378
MT499187	-1
MT079849	-1
MT451635	-1
MT535480	-1
MT467239	379
MT467237	379
MT506205	-1
MT439316	-1
MT375462	-1
MT447161	-1
MT439269	-1
MT450901	-1
MT539175	380
MT539164	380
MT451567	381
MT412188	381
MT412185	381
MT429190	381
MT506892	381
MT451796	381
MT350242	381
MT345878	382
MT370962	382
MT461636	-1
MT451267	-1
MT447156	-1
MT293218	-1
MT506698	-1
MT535509	383
MT535503	383
MT511685	-1
MT450951	-1
MT293166	-1
MT358713	-1
MT252804	-1
MT246486	-1
MT252734	384
MT412243	384
MT451319	-1
MT344952	385
MT512419	385
MT344951	385
MT344950	385
MT512418	385
MT467259	-1
MT506903	386
MT506900	386
MT506891	386
MT506887	386
MT506693	-1
MT412304	-1
MT345886	-1
MT506669	-1
MT447154	-1
MT451394	-1
MT535504	387
MT322410	387
MT322405	387
MT444600	-1
MT461638	-1
MT439250	-1
MT509478	388
MT536179	388
MT444634	-1
MT459881	-1
MN938384	-1
MN997409	-1
MT444565	-1
MT325640	-1
MT536955	-1
MT444599	-1
MT412145	-1
MT429186	-1
MT459882	-1
MT385452	389
MT385456	389
MT451042	-1
MT466071	-1
MT412201	-1
MT470178	390
MT470161	390
MT470112	390
MT412203	-1
MT370954	-1
MT412139	-1
MT344963	-1
MT467246	-1
MT481908	391
MT509659	391
MT439237	-1
MT459837	-1
MT459847	-1
MT451492	-1
MT325635	-1
MT459849	-1
MT459908	-1
MT451046	-1
MT459924	-1
MT459844	-1
MN996527	-1
MT528616	392
MT322397	392
MT322395	-1
MT461616	-1
MT451561	-1
MT412283	-1
MT370994	-1
MT536962	-1
MT507012	-1
MT474130	393
MT474129	393
MT451690	-1
MT450898	-1
MT470149	-1
MT451442	-1
MT451363	-1
MT072688	-1
MT451072	-1
MT459850	-1
MT326187	-1
MT451263	-1
MT470107	-1
MT350243	-1
MT506994	394
MT507009	394
MT419842	-1
MT263385	-1
MT451364	-1
MT450900	-1
MT450904	395
MT509490	395
MT450902	396
MT450897	396
MT450905	396
MT450903	396
MT450899	396
MT470169	397
MT470128	397
MT375474	-1
MT451417	-1
MT447159	-1
MT451097	-1
MT325589	398
MT325639	398
MT325636	398
MT325629	398
MT325586	398
MT450906	399
MT263433	399
MT444547	-1
MT412198	400
MT350250	400
MT350244	400
MT451384	-1
MT291835	-1
MT246462	-1
MT451679	-1
MT370937	401
MT535505	401
MT344957	-1
MT451486	-1
MT451089	402
MT451088	402
MT259279	403
MT252730	403
MT246452	-1
MT461622	-1
MT334527	-1
MT325585	-1
MT325587	-1
MT506552	-1
MT451191	-1
MT233526	404
MT246667	404
MT020881	404
MN985325	404
MT020880	404
MT412136	405
MT439236	405
MT325638	406
MT325637	406
MT325633	406
MT325632	406
MT325631	406
MT325630	406
MT325616	406
MT325601	406
MT325600	406
MT325590	406
MT325583	406
MT325582	406
MT325580	406
MT512426	406
MT325584	407
MT325602	407
MT512415	-1
MT506558	-1
MT499194	-1
MT322408	-1
MT385468	-1
MT344949	-1
MT512416	-1
MT114416	408
MT114417	408
MT371037	-1
MT325577	-1
MT451316	-1
MT449652	-1
MT322404	-1
MT334553	-1
MT434786	-1
MT512428	409
MT512427	409
MT079851	-1
MT334545	-1
MT304490	-1
MT451750	-1
MT385460	-1
MT263425	-1
MT252822	-1
MT163717	410
MT252793	410
MT322409	411
MT385470	411
MT325578	-1
MT079848	412
MT407658	412
MT079852	412
MT451287	413
MT451662	413
MT451730	413
MT451444	413
MT446340	-1
MT262899	-1
MT451064	414
MT451068	414
MT451024	-1
LR757995	-1
MT066175	-1
MT536972	415
MT536964	415
MT506542	-1
MT114419	416
MT114418	416
MT152824	-1
MT451311	-1
MT451471	417
MT451542	417
MT506905	-1
MT536956	-1
MT536968	-1
MT506536	-1
MT184913	-1
MT258377	418
MT510719	418
MT451043	-1
MT451020	-1
MT451439	-1
MT451027	-1
MT450939	-1
MT407657	-1
MT536959	419
MT536965	419
MT536963	420
MT536958	420
MT536954	420
MT322402	421
MT457402	421
MT451532	422
MT451324	422
MT370943	422
MT429189	422
LC547520	422
LC547518	422
MT451529	423
MT451298	423
MT483565	-1
MT276597	424
LC528232	424
MT534630	425
MT184912	425
LC528233	-1
MT159709	-1
MT385431	-1
MT325561	-1
MT252686	-1
MT252780	-1
MT444563	426
MT412197	426
MT451114	427
MT451004	427
MT451161	427
MT450922	-1
MT451106	428
MT450935	428
MT451139	428
MT467250	-1
MT459917	-1
MT444627	-1
MT444529	-1
MN994468	-1
MT450920	429
MT450919	429
MT114413	430
MT114412	430
MT163719	-1
MT512422	-1
MT295464	431
MT444148	431
MT451129	-1
MT506893	-1
MT439235	-1
MT444618	-1
MT536966	-1
MT444625	432
MT536961	432
MT370832	-1
MT536960	-1
MT444606	-1
MT444601	-1
MT499174	-1
MT251978	-1
MT459892	-1
MT506647	-1
MT077125	433
MT407654	433
MT276328	434
MT304487	434
MT507793	-1
MT385430	-1
MT027064	-1
MT020781	-1
MT499183	-1
MT451515	435
MT451508	435
MT451509	435
MT451482	435
MT451797	435
MT451511	435
MT451820	435
MT451591	-1
MT451065	436
MT451226	436
MT439252	437
MT451227	437
MT451019	437
MT326158	-1
MT467249	-1
MT451886	-1
MT506650	-1
MT451842	-1
MT450992	-1
MT507274	438
MT507273	438
MT507271	438
MT325566	-1
MT334534	439
MT334533	439
MT506574	-1
MT451193	440
MT451050	440
MT450989	440
MT450991	440
MT451220	440
MT451219	-1
MT371050	-1
MT419841	-1
MT451223	-1
MT412234	-1
MT270108	-1
MT451058	-1
MT451192	-1
MT509681	-1
MT499173	-1
MT412199	-1
MT470122	-1
MT451382	-1
MT325634	-1
MT419858	441
MT419854	441
MT499201	-1
MT093631	-1
MT344944	-1
MT322401	442
MT246480	442
MT374115	442
MT371014	-1
MT470152	443
MT470139	443
MT470108	443
MT470100	-1
MT407655	-1
MT450994	-1
MT449662	444
MT449659	444
MT451282	445
MT451180	445
MT539169	-1
MT506655	-1
MT506989	-1
MT439231	-1
MT344947	446
MT459897	446
MT371036	447
MT370975	447
MT459862	-1
MT482134	-1
MT259245	-1
MT451694	448
MT451692	448
MT539172	-1
MT344958	449
MT344956	449
MT344955	449
MT304491	449
MT325611	450
MT325603	450
MT472621	450
MT512437	450
MT325612	450
MT472624	-1
MT370979	-1
MT126808	-1
MT370957	451
MT370909	451
MT291828	452
MT106053	452
MT460089	-1
MT412261	453
MT358710	453
MT412248	453
MT326040	454
MT412253	454
MT358696	-1
MT412312	-1
MT263396	-1
MT509650	-1
MT344953	-1
MT472622	-1
MT370889	-1
MT459860	-1
MT451323	455
MT451461	455
MT451276	455
MT450976	456
MT450984	456
MT449647	-1
MT449664	-1
MT481903	-1
MT451405	457
MT451404	457
MT451234	457
MT539171	458
MT539168	458
MT539165	458
MT509656	-1
MT439308	-1
MT259231	459
MT259229	459
MT246477	460
MT263424	460
MT451883	461
MT451884	461
MT467244	461
MT481904	462
MT481902	462
MT496973	-1
MT334571	-1
MT326117	-1
MT374105	-1
MT506528	463
MT451056	463
MT451082	-1
MT438738	-1
MT534303	-1
MT438725	-1
MT293199	-1
MT370929	-1
MT412233	-1
MT483559	464
MT467260	464
MT483553	464
MT511676	-1
MT438732	465
MT534308	465
MT159716	-1
MT438731	-1
MT263449	-1
MT385463	466
MT385488	466
MT252728	-1
MT262915	467
MT350270	467
MT439251	-1
MT371019	-1
MT534338	468
MT449672	468
MT534339	468
MT293181	-1
MT339039	-1
MT451167	469
MT451166	469
MT451228	469
MT451178	469
MT482131	-1
MT460091	470
MT534307	470
MT449667	471
MT449674	471
MT449651	471
MT449679	471
MT449644	-1
MT499182	-1
MT438743	472
MT438737	472
MT438741	472
MT438742	472
MT259268	-1
MT293170	-1
MT252701	-1
MT528235	-1
MT506222	-1
MT449678	-1
MT534309	473
MT534306	473
MT449637	474
MT449668	474
MT460092	474
MT460090	474
MT449640	474
MT451217	-1
MT438728	-1
MT358686	-1
MT451331	475
MT451111	475
MT451232	475
MT451153	475
MT451151	475
MT451377	-1
MT449638	476
MT449676	476
MT449655	476
MT438752	-1
MT512430	-1
MT506534	-1
MT039873	-1
MT438723	-1
MT451297	-1
MT358664	-1
MT334560	-1
MT534305	-1
MT449656	477
MT449675	477
MT159708	-1
MT449660	478
MT438747	478
MT438739	478
MT385489	-1
MT326173	-1
MT412162	-1
MT449643	-1
MT438754	479
MT449670	479
MT438753	479
MT438740	-1
MT252769	-1
MT412282	480
MT412274	480
MT412189	-1
MT438751	-1
MT438757	-1
MT438756	-1
MT396241	-1
MT259230	-1
MT438721	-1
MT459915	-1
MT509479	-1
MT483563	-1
MT159706	-1
MT039887	-1
MT450931	-1
MT438735	-1
MT246463	-1
MT252742	-1
MT460117	481
MT385449	481
MT451261	-1
MT326184	-1
MT449642	482
MT438749	482
MT438750	482
MT449646	482
MT159715	-1
MT345810	-1
MT459872	-1
MT371003	-1
MT449641	-1
MT438758	-1
MT276324	-1
MT534304	483
MT438746	483
MT438733	-1
MT528239	-1
MT439264	-1
MT019533	-1
MT438730	-1
MT438722	-1
MT438727	484
MT438719	484
MT419848	-1
MT308696	485
MT451740	485
MT451169	485
MT459905	485
MT506560	-1
MT365029	-1
MT438718	486
MT438734	486
MT438729	486
MT438720	486
MT438724	-1
MT263455	-1
MT334531	487
MT326044	487
MT358648	487
MT412250	488
MT252740	488
MT252699	488
MT528238	-1
MT506671	-1
MT499199	-1
MT293185	489
MT326123	489
MT293157	489
MT326181	489
MT263456	489
MT259241	489
MT533218	490
MT385469	490
MT385480	490
MT259266	491
MT252693	491
MT450999	492
MT451061	492
MT506584	493
MT506567	493
MT506568	493
MT506677	493
MT192772	-1
MT192773	-1
MT159707	-1
MT263423	-1
MT252746	-1
MT192765	-1
MT446360	-1
MT326144	494
MT334524	494
MT535499	-1
MT507006	-1
MT419832	-1
MT394529	495
MT394528	495
MT394530	495
MT394531	495
MT118835	495
MT481992	-1
MT385429	-1
MT325613	-1
MT385421	-1
MT263438	-1
MT451633	-1
MT019531	-1
MT345833	-1
MT358675	-1
MT451739	496
MT451612	496
MT451171	496
MT370941	-1
MT470142	-1
MT358694	497
MT461604	497
MT460113	498
MT259254	498
MT350280	499
MT350279	499
MT325609	499
MT262916	499
MT262914	499
MT262913	499
MT262912	499
MT262911	499
MT262910	499
MT262907	499
MT262905	499
MT262901	499
MT262900	499
MT325591	499
MT350274	499
MT434800	499
MT472623	499
MT512424	499
MT325563	-1
MT412181	-1
MT252767	500
MT263444	500
MT325574	-1
MT334535	501
MT334523	501
MT512417	-1
MT476384	502
MT163718	502
MT385419	502
MT334536	-1
MT385473	-1
MT477852	-1
MT334541	-1
MT439298	-1
MT325562	-1
MT385424	-1
MT451673	-1
MT326060	-1
MT291830	503
MT291829	503
MT253706	503
MT192759	504
MT291827	504
MT499184	-1
MT184909	505
MT159721	505
MT159719	505
MT159714	505
MT159713	505
MT159711	505
MT159710	505
MT184907	505
MT304482	505
MT470175	506
MT470174	506
MT470163	506
MT470158	506
MT470150	506
MT470141	506
MT470131	506
MT470130	506
MN908947	506
MT470129	506
NC_045512	506
MT419857	507
MT044258	507
MT325626	-1
MT444544	-1
MT451744	-1
MT371024	-1
MT447157	508
MT506533	508
MT447155	508
MT253710	509
MT253709	509
MT253708	509
MT253707	509
MT253705	509
MT253704	509
MT253703	509
MT253702	509
MT253701	509
MT253700	509
MT253699	509
MT253698	509
MT253697	509
MT253696	509
MN996530	509
MT419856	510
MT385458	510
MT262993	510
MT039874	510
MT428552	-1
MT477835	-1
MT461665	-1
MN996528	511
LR757996	511
MT019532	511
MT304483	512
MN988669	512
MN988668	512
MT451369	-1
MT477846	513
MT477839	513
MT270111	514
MT270110	514
MT270109	514
MT270107	514
MT270113	514
MT270102	514
MT270104	514
MT270106	514
MT270105	514
MT412141	515
MT509686	515
MT439243	515
MT450969	516
MT451094	516
MT451281	516
MT450977	516
MT451008	516
MT477837	517
MT466583	517
MT477849	-1
MT270101	518
MT270103	518
MT270112	518
MT470137	-1
MT470153	-1
MT506684	-1
MT450978	-1
MT450959	519
MT450986	519
MT444611	520
MT334551	520
MT334568	520
MT334528	520
MT451325	-1
MT334564	-1
MT320538	-1
MT506686	-1
MT451077	521
MT429187	521
MT439248	-1
MT370835	-1
MT451502	-1
MT528237	-1
LC546038	-1
MT509688	-1
MT451794	522
MT439276	522
MT439301	523
MT451040	523
MT435079	523
MT451002	523
MT345814	-1
MT482116	-1
MT482129	-1
MT509473	-1
MT293219	-1
MT470115	-1
MT509671	-1
MT374111	-1
MT470136	-1
MT326141	-1
MT451707	524
MT451682	524
MT325599	-1
MT470114	-1
MT506676	-1
MT470101	-1
MT345824	-1
MT451001	525
MT451465	525
MT344948	525
MT506661	-1
MT325614	-1
MT509672	-1
MT533214	-1
MT434796	-1
MT470106	-1
MT506582	-1
MT304488	-1
MT506561	-1
MT506210	-1
MT325618	526
MT325576	526
MT252792	526
MT470164	-1
MT451802	-1
MT198653	-1
MT472626	-1
MT470113	-1
MT412151	-1
MT459916	-1
MT358643	527
MT470173	527
MT470167	527
MT470165	527
MT470162	527
MT470155	527
MT470148	527
MT470143	527
MT470140	527
MT470138	527
MT470133	527
MT470118	527
MT470110	527
MT470102	527
MT451825	528
MT451805	528
MT451371	528
MT451685	528
MT451179	528
MT506550	-1
MT451428	529
MT451312	529
MT451342	529
MT444528	529
MT451023	529
MT451262	529
MT451426	-1
MT292570	-1
MT506214	-1
MT506527	-1
MT325615	-1
MT509687	-1
MT451427	-1
MT451429	-1
MT292575	-1
MT477836	530
MT459888	530
MT499181	530
MT385453	531
MT292569	531
MT370982	-1
MT359865	532
MT499175	532
MT412137	-1
MT451107	-1
MT451127	-1
MT451078	-1
MT459925	-1
MT412144	-1
MT451632	-1
MT385474	-1
MT451313	-1
MT506580	-1
MT451634	-1
MT451359	-1
MT345838	-1
MT451631	-1
MT439277	-1
MT509698	-1
MT451438	-1
MT451812	-1
MT439253	-1
MT506206	-1
MT451773	-1
MT509679	-1
MT451676	533
MT435084	533
MT506545	-1
MT444535	-1
MT345821	-1
MT334562	-1
MT412266	-1
MT451391	-1
MT451395	-1
MT461655	-1
MT439274	-1
MT451619	-1
MT451610	534
MT451478	534
MT451347	534
MT451587	534
MT451100	534
MT451528	534
MT451704	534
MT439278	534
MT451813	534
MT509690	-1
MT415321	535
MT325621	535
MT325620	535
MT325619	535
MT325617	535
MT472627	535
MT451579	-1
MT451514	-1
MT451808	536
MT451028	536
MT451221	536
MT506529	-1
MT412147	-1
MT451494	537
MT451785	537
MT451670	-1
MT525950	-1
MT451837	538
MT451831	538
MT439296	539
MT439279	539
MT496990	539
MT496977	539
MT467257	539
MT481907	539
MT451774	-1
MT451761	-1
MT535495	540
MT527184	540
MT451597	540
MT451432	-1
MT444592	541
MT533234	541
MT451318	-1
MT535497	542
MT439267	542
MT451045	-1
MT444541	543
MT444533	543
MT444520	544
MT444518	544
MT444566	544
MT444515	544
MT535479	544
MT412214	-1
MT444603	545
MT412157	545
MT517430	-1
MT334546	546
MT252784	546
MT510999	546
MT517432	546
MT325579	-1
MT326025	-1
MT444542	547
MT334550	547
MT512442	-1
MT507015	-1
MT451493	-1
MT451683	-1
MT371010	-1
MT450979	548
MT450937	548
MT375444	-1
MT444523	-1
MT322399	-1
MT412184	-1
MT451669	-1
MT334572	-1
MT444530	-1
MT451279	-1
MT358701	-1
MT506658	-1
MT451689	549
MT451420	549
MT451425	-1
MT370961	-1
MT370978	-1
MT370972	-1
MT370986	-1
MT370970	-1
MT370963	550
MT370890	550
MT370946	-1
MT444567	-1
MT370923	-1
MT370838	-1
MT370876	-1
MT370836	-1
MT370916	551
MT370858	551
MT370987	-1
MT371022	552
MT371005	552
MT370856	-1
MT371015	-1
MT371018	-1
MT419814	-1
MT370948	-1
MT370851	-1
MT446353	-1
MT536180	-1
MT446352	-1
MT446345	-1
MT536190	-1
MT536176	-1
MT444628	-1
MT446358	-1
MT451443	-1
MT506642	553
MT506555	553
MT412262	-1
MT509459	-1
MT412334	-1
MT506885	-1
MT429183	-1
MT509460	-1
MT506886	-1
MT509457	-1
MT358689	-1
MT446343	-1
MT509471	-1
MT451600	554
MT451793	554
MT451270	-1
MT451381	555
MT509485	555
MT371027	555
MT533227	556
MT533225	556
MT259235	-1
MT451112	557
MT451380	557
MT451163	557
MT451181	-1
MT252695	-1
MT412146	558
MT412142	558
MT439244	558
MT370931	559
MT451437	559
MT451351	-1
MT451641	-1
MT506683	-1
MT451592	-1
MT506654	-1
MT451134	-1
MT509678	-1
MT506659	-1
MT451762	-1
MT412322	-1
MT482140	-1
MT446350	-1
MT439318	-1
MT439312	-1
MT439306	560
MT451102	560
MT506697	-1
MT506701	561
MT506700	561
MT506687	-1
MT418887	-1
MT418888	562
MT418886	562
MT418885	-1
MT412140	563
MT439242	563
MT506532	-1
MT412254	-1
MT482132	-1
MT326133	-1
MT370906	-1
MT370843	-1
MT535507	564
MT535506	564
MT358695	-1
MT358645	-1
MT326082	-1
MT334570	565
MT535477	565
MT412192	-1
MT293205	-1
MT439286	566
MT439272	566
MT439309	566
MT439275	-1
MT345846	-1
MT412259	-1
MT358644	-1
MT345817	-1
MT450890	-1
MT450894	-1
MT345801	-1
MT429185	567
MT507003	567
MT375451	-1
MT506541	-1
MT528631	-1
MT334543	-1
MT326169	-1
MT439260	-1
MT412178	-1
MT509691	568
MT412202	568
MT439246	568
MT506689	568
MT263439	-1
MT533205	-1
MT451778	569
MT451783	569
MT451777	569
MT252781	-1
MT300186	570
MT528623	570
MT528613	-1
MT522852	571
MT528609	571
MT412256	-1
MT439288	572
MT439261	572
MT326119	-1
MT461660	-1
MT252729	-1
MT370834	-1
MT375471	573
MT461666	573
MT506573	-1
MT451155	574
MT451157	574
MT451086	574
MT451320	-1
MT506554	-1
MT439280	-1
MT506572	575
MT506570	575
MT412186	-1
MT439254	-1
MT451115	-1
MT326154	-1
MT326137	-1
MT326140	-1
MT412325	-1
MT345835	-1
MT345858	-1
MT293220	-1
MT533224	576
MT533221	576
MT533226	576
MT482139	-1
MT461632	-1
MT528617	-1
MT263432	-1
MT451200	577
MT451370	577
MT451184	578
MT451198	578
MT451675	-1
MT451814	579
MT451526	579
MT451016	579
MT451372	579
MT451059	580
MT451190	580
MT451117	581
MT451022	581
MT412288	-1
MT439314	582
MT506203	582
MT451691	-1
MT345816	-1
MT258382	-1
MT461668	-1
MT375454	-1
MT375447	-1
MT358688	-1
MT358703	-1
MT482137	-1
MT358653	-1
MT358728	-1
MT345882	-1
MT350253	583
MT350252	583
MT499178	-1
MT535473	584
MT535476	584
MT334563	585
MT444564	585
MT535501	-1
MT385491	586
MT415912	586
MT451651	587
MT259281	587
MT450889	-1
MT482142	-1
MT451716	-1
MT444602	588
MT444623	588
MT535508	589
MT444619	589
MT535487	589
MT461635	-1
MT450915	590
MT450914	590
MT345861	-1
MT375443	-1
MT412273	591
MT461659	591
MT451071	-1
MT418882	-1
MT528615	-1
MT375482	-1
MT509458	592
MT370881	592
MT370921	593
MT370910	593
MT339043	594
MT439268	594
MT259244	-1
MT259286	595
MT259261	595
MT412196	-1
MT252726	-1
MT326075	-1
MT326074	596
MT252741	596
MT375437	-1
MT477854	-1
MT322419	-1
MT412308	-1
MT345806	-1
MT412227	-1
MT450882	597
MT450917	597
MT450880	597
MT450879	597
MT450883	598
MT450881	598
MT450918	598
MT375430	-1
MT345830	-1
MT358715	-1
MT326152	-1
MT358748	-1
MT412293	-1
MT511689	-1
MT461618	-1
MT246467	-1
MT506551	-1
MT511690	-1
MT412319	-1
MT412169	599
MT509673	599
MT506675	600
MT412180	600
MT370927	-1
MT446341	601
MT446339	601
MT412317	-1
MT370895	-1
MT370887	-1
MT380734	-1
MT509685	-1
MT412277	-1
MT446349	602
MT446344	602
MT446347	603
MT536177	603
MT326099	-1
MT450965	-1
MT506228	-1
MT258383	-1
MT451248	604
MT451014	604
MT325610	604
MT334525	605
MT334526	605
MT334537	605
MT370930	-1
MT412331	-1
MT481935	606
MT481934	606
MT481931	606
MT481932	606
MT481933	606
MT370896	607
MT412204	607
MT506526	607
MT439262	608
MT451751	608
MT370914	608
MT412191	608
MT439247	608
MT461656	608
MT326070	-1
MT358667	609
MT358662	609
MT451373	610
MT370915	610
MT481927	-1
MT481928	-1
MT345834	-1
MT412329	-1
MT370872	611
MT509474	611
MT451604	611
MT477848	-1
MT422806	-1
MT259277	612
MT326061	612
MT326071	612
MT439300	613
MT450946	613
MT506644	614
MT439232	614
MT506664	614
MT451283	615
MT385459	615
MT422807	-1
MT506988	-1
MT439256	-1
MT446356	616
MT536186	616
MT259243	-1
MT293167	-1
MT536183	617
MT507796	617
MT380729	-1
MT512435	-1
MT432195	-1
MT246484	-1
MT246453	-1
MT507279	-1
MT477842	-1
MT375446	-1
MT345802	-1
MT444561	-1
MT385448	618
MT510722	618
MT345875	-1
MT461634	619
MT358655	619
MT535493	-1
MT293189	-1
MT252768	620
MT412245	620
MT461650	-1
MT535496	-1
MT512446	-1
MT474137	-1
MT533199	-1
MT444543	621
MT334561	621
MT334544	622
MT535472	622
MT259256	623
MT536182	623
MT345879	-1
MT506895	-1
MT439259	-1
MT263467	-1
MT533197	-1
MT326185	-1
MT263445	624
MT326063	624
MT499179	625
MT507277	625
MT444536	626
MT444539	626
MT308704	627
MT358652	627
MT528621	-1
MT380728	-1
MT444537	-1
MT536189	628
MT536181	628
MT446346	628
MT507013	-1
MT536178	629
MT446354	629
MT385451	630
MT345828	630
MT345863	-1
MT470166	-1
MT451643	-1
MT477855	-1
MT477853	631
MT334573	631
MT535481	631
MT461628	632
MT385427	632
MT258378	632
MT385433	632
MT358727	633
MT345884	633
MT326072	-1
MT499191	-1
MT444568	634
MT444629	634
MT444538	634
MT535478	634
MT344960	635
MT512434	635
MT512433	-1
MT533203	-1
MT370926	-1
MT326033	-1
MT512645	-1
MT434815	-1
MT412258	-1
MT459988	-1
MT434816	-1
MT375467	636
MT345847	636
MT375445	636
MT375455	636
MT451005	-1
MT499204	-1
MT252705	637
MT345881	637
MT252682	637
MT358697	637
MT252715	-1
MT375432	-1
MT293164	-1
MT263394	-1
MT358722	-1
MT345804	-1
MT326125	-1
MT263417	-1
MT345808	638
MT358646	638
MT375466	638
MT461619	-1
MT461642	-1
MT358680	639
MT358714	639
MT412311	640
MT293193	640
MT533229	641
MT460135	641
MT460136	641
MT252773	-1
MT434791	-1
MT252711	-1
MT326115	-1
MT358705	-1
MT412289	-1
MT434799	-1
MT507276	-1
MT434802	-1
MT380732	-1
MT434811	-1
MT345819	-1
MT434812	642
MT434810	642
MT434806	642
MT434795	642
MT434794	642
MT380731	642
MT434790	642
MT434804	-1
MT470157	-1
MT385417	-1
MT322400	643
MT322417	643
MT322416	-1
MT350237	644
MT322415	644
MT322418	-1
MT385415	-1
MT470172	-1
MT507275	-1
MT506201	645
MT439310	645
MT506544	645
MT509452	646
MT439263	646
MT506685	646
MT506668	646
MT451150	646
MT439315	646
MT439303	646
MT439291	646
MT451108	646
MT506643	646
MT509491	646
MT509466	646
MT509454	646
MT509465	646
MT375461	646
MT412242	646
MT375448	-1
MT460119	-1
MT460132	647
MT533217	647
MT439290	-1
MT439307	648
MT506690	648
MT506652	648
MT528611	649
MT358740	649
MT326045	650
MT326046	650
MT412226	-1
MT532435	-1
MT326048	651
MT509676	651
MT370893	-1
MT358717	-1
MT470120	-1
MT509694	-1
MT506212	-1
MT375481	652
MT326068	652
MT375464	652
MT412270	-1
MT412247	653
MT412251	653
MT385438	-1
MT252779	-1
MT326190	654
MT263446	654
MT444525	-1
MT263391	-1
MT259278	655
MT293174	655
MT326059	-1
MT358665	-1
MT375438	-1
MT358700	656
MT358691	656
MT375460	656
MT511684	-1
MT509461	657
MT450885	657
MT511675	657
MT412314	658
MT375440	658
MT375453	658
MT470219	-1
MT345812	-1
MT263442	659
MT251979	659
MT506999	-1
MT506998	660
MT450895	660
MT322424	660
MT477904	660
MT511686	660
MT506997	660
MT450884	660
MT450907	660
MT450896	661
MT482135	661
MT450887	661
MT439299	662
MT439234	662
MT506674	662
MT444613	663
MT444586	663
MT444584	664
MT444585	664
MT444614	665
MT444587	665
MT444582	665
MT259260	666
MT326118	666
MT293212	666
MT412240	667
MT358698	667
MT412249	667
MT511674	-1
MT535475	668
MT412195	668
MT506556	668
MT506662	-1
MT506995	-1
MT444524	669
MT444516	669
MT444531	669
MT444519	-1
MT252706	670
MT246449	670
MT358712	670
MT412336	-1
MT450886	-1
MT511673	-1
MT451711	-1
MT451645	-1
MT394864	-1
MT412213	671
MT412216	671
MT509684	671
MT506548	-1
MT510726	-1
MT412229	672
MT326136	672
MT263390	672
MT293191	672
MT326122	673
MT326130	673
MT293173	673
MT345809	-1
MT293165	674
MT252697	674
MT263436	674
MT251973	674
MT252774	674
MT450888	-1
MT439313	-1
MT371012	675
MT370947	675
MT263431	675
MT375442	-1
MT375478	676
MT263413	676
MT293171	676
MT461639	-1
MT358734	-1
MT482136	-1
MT334542	-1
MT358733	-1
MT506530	-1
MT439292	677
MT509680	677
MT412224	677
MT334567	678
MT506202	678
MT506653	678
MT385422	-1
MT326170	-1
MT461608	-1
MT350251	-1
MT461624	-1
MT419851	-1
MT506218	-1
MT506537	-1
MT506204	679
MT507001	679
MT439285	679
MT506637	680
MT506638	680
MT439304	680
MT412155	681
MT293175	681
MT528598	681
MT258381	681
MT385475	-1
MT252712	-1
MT412267	-1
MT252794	-1
MT506549	-1
MT246450	-1
MT263437	-1
MT459990	682
MT459989	682
MT461651	-1
MT533232	-1
MT507008	683
MT385426	683
MT385414	-1
MT512445	-1
MT345811	-1
MT506660	684
MT506581	684
MT439270	684
MT506217	685
MT506535	685
MT506547	686
MT506200	686
MT412210	686
MT506694	-1
MT385420	-1
MT507278	-1
MT506666	-1
MT533200	-1
MT506562	687
MT308699	687
MT474135	-1
MT474134	-1
MT512644	-1
MT412171	-1
MT358676	-1
MT451379	-1
MT308697	-1
MT506641	-1
MT451623	-1
MT412182	-1
MT506656	-1
MT451757	-1
MT506220	-1
MT506557	-1
MT308700	-1
MT412154	-1
MT412164	-1
MT451497	-1
MT506229	-1
MT412148	-1
MT412194	-1
MT412150	-1
MT509670	-1
MT412219	-1
MT451305	-1
MT370907	-1
MT370981	-1
MT370984	688
MT370939	688
MT370933	688
MT509675	-1
MT506673	-1
MT506543	-1
MT509699	-1
MT506208	689
MT506207	689
MT451807	-1
MT451656	-1
MT451756	-1
MT507026	-1
MT259251	690
MT439239	690
MT506531	690
MT412328	690
MT451663	-1
MT451593	691
MT451654	691
MT358666	-1
MT451620	-1
MT451833	-1
MT451703	-1
MT370905	-1
MT450963	692
MT258380	692
MT358702	692
MT246481	-1
MT509682	-1
MT439258	-1
MT451031	-1
MT506559	693
MT412153	693
MT412187	693
MT293221	-1
MT375435	-1
MT326161	-1
MT370891	694
MT371033	694
MT371006	694
MT509469	695
MT370955	695
MT451652	-1
MT412221	-1
MT506223	696
MT506649	696
MT439245	696
MT506663	696
MT522854	697
MT528605	697
MT439319	697
MT259264	698
MT345826	698
MT528629	699
MT528607	699
MT511700	-1
MT506646	700
MT506645	700
MT412220	700
MT412206	700
MT506692	700
MT451419	-1
MT451715	701
MT450964	701
MT439305	-1
MT451660	-1
MT412135	702
MT308692	702
MT412143	702
MT506682	702
MT370966	703
MT371028	703
MT371013	703
MT371009	703
MT371008	703
MT371001	703
MT370920	703
MT370912	703
MT370901	703
MT370897	703
MT370877	703
MT370865	703
MT370845	703
MT439311	-1
MT450912	-1
MT358738	-1
MT506540	-1
MT370964	704
MT370934	704
MT370899	704
MT371021	704
MT370935	704
MT370952	704
MT370924	-1
MT412163	-1
MT439240	-1
MT412200	-1
MT506688	-1
MT412209	705
MT439294	705
MT412231	706
MT326189	706
MT252756	707
MT509683	707
MT345798	708
MT358743	708
MT439295	-1
MT371031	-1
MT412218	709
MT506553	709
MT412179	709
MT506575	709
MT507027	710
MT507007	710
MT412168	711
MT506648	711
MT506225	711
MT506651	711
MT412222	711
MT412207	711
MT412211	711
MT506211	711
MT506226	711
MT345825	712
MT259265	712
MT451052	-1
MT370867	-1
MT375463	713
MT358663	713
MT358668	713
MT506209	-1
MT412156	-1
MT412223	714
MT444522	714
MT506585	714
MT509677	715
MT370873	715
MT370900	715
MT506640	715
MT509700	715
MT371032	716
MT444576	716
MT451764	-1
MT451780	717
MT509483	717
MT451841	717
MT451310	718
MT451546	718
MT509484	718
MT293195	-1
MT450913	-1
MT506538	719
MT439320	719
MT511697	720
MT451838	720
MT370992	-1
MT509701	-1
MT451496	721
MT451507	721
MT499193	722
MT499176	722
MT499195	722
MT506679	-1
MT535502	-1
MT370911	-1
MT451611	-1
MT358707	-1
MT385455	723
MT499200	723
MT344959	-1
MT528625	724
MT528604	724
MT308702	724
MT522853	724
MT528599	724
MT412176	724
MT506639	724
MT439271	-1
MT509674	-1
MT374110	725
MT385423	725
MT322413	725
MT350245	726
MT439289	726
MT451175	-1
MT506539	-1
MT499172	727
MT452574	727
MT533202	728
MT533201	728
MT533198	728
MT512447	728
MT325627	728
MT325605	728
MT304486	728
MT325598	728
MT507281	728
MT512444	728
MT532438	728
MT506579	729
MT412217	729
MT528624	730
MT370996	730
MT509669	730
MT459880	731
MT439287	731
MT439265	731
MT334556	-1
MT506221	732
MT412170	732
MT293201	733
MT385457	733
MT370976	-1
MT385454	734
MT358719	734
MT358729	-1
MT365033	-1
MT482138	-1
MT358706	735
MT325596	735
MT246460	-1
MT470170	736
MT470154	736
MT470151	736
MT470121	736
MT470119	736
MT470117	736
MT339041	736
MT470109	736
